id,candidate,party,source_type,date,sentence,L1_label_v2,L2_labels
10,侯友宜,KMT,news,2023/9/25 16:07,"人口結構改變對經濟發展將有明顯衝擊 人口結構的變化將超過人口數量所帶來衝擊,長照與社會福利費用上升、退休金與社會保險等將無以為繼,顯見少子化將導致國安危機。",L1-03,L2-05
72,柯文哲,TPP,news,2023/4/19 22:33,"同樣在去年,臺灣吸引了超過130億美元的外資進駐,亦創下近10年新高。",L1-01,L2-06
273,侯友宜,KMT,news,2023/7/4 20:25,"糸數健一說,與那國町跟台灣一直有緊密聯繫,沒有台灣就沒有與那國町經濟發展,長輩常告誡必須與台灣維持良好關係,值得一提是,日本前年發起町長聯盟,有138位町長加入,他也是其中一員,他們向岸田內閣提出強化台日關係訴求,包括經濟交流、人員往來及安全保障,透過法規面加強雙方關係。",L1-03,L2-06
300,赖清德,DPP,news,2023/4/12 16:01,"賴清德說,他也將強化台灣的經濟韌性,因應氣候變遷,地緣政治變化,以及疫後經濟復甦等種種挑戰,持續改善台灣的投資環境,申請區域經濟並簽訂貿易或投資保障協定,進入全球供應鏈,讓台灣企業可以立足台灣、佈局全球、行銷全世界,並好好發展應用AIoT等新興科技,推動人工智慧產業化,讓台灣科技產業持續壯大,同時協助中小企業轉型。",L1-01,L2-01|L2-07
305,Unknown,Unknown,conference,,"台湾作为一个全球布局的一个很重要选项,所以台湾在整个出口国际经济贸易里面,区域经济最重要,两岸还是要维持整个相关的贸易,尤其对台商要有保障。",L1-01,
463,侯友宜,KMT,news,2023/12/26 15:53,"賴清德表示,必須發展人工智慧,讓台灣產業化,再幫助其他產業人工智慧化,幫助廣大的中小企業順利數位轉型,妥善因應氣候變遷、淨零轉型;",L1-01,L2-07
465,赖清德,DPP,news,2023/3/18 17:28,"賴清德與磐石會企業人士合影,允諾會全力讓台灣經濟更繁榮發展,承諾會保護台灣得來不易的民主成果。",L1-01,L2-07|L2-08
536,侯友宜,KMT,news,2023/10/3 11:58,"賴清德指出,除了護國神山,更要發展護國群山,要支持地方創生與在地產業發展、創造更好就業機會,協助中小及微型企業、服務業及社會企業的發展,讓傳統產業、服務業、觀光業及其他產業持續成長茁壯,強化產學創新鏈結,提高攬才留才能力,並且鼓勵事業內部新創發展,培育新世代隱形冠軍,同時發展國際化會展產業,打造更多元的台灣主題產業展,帶動城市特色發展。",L1-01,L2-06|L2-07
672,赖清德,DPP,news,2023/12/5 8:01,"柯利歐指出,中國所有大型科技企業背後都有國家支持和資金,也會成為黨國的經濟、政治工具。",L1-01,L2-05
679,赖清德,DPP,news,2023/8/5 21:44,"賴清德說,他衷心希望,經由結合社會努力,台灣在經濟上成為日不落國,改善台灣的投資環境,事實上台灣跟中國貿易逐年下降,轉移到印太、美國、歐洲,這是台灣產業升級、經濟轉型,有辦法成為國際級企業後,又被下一代創新投資,可以提高年輕人收入。",L1-01,L2-01|L2-06|L2-07
750,侯友宜,KMT,news,2023/10/3 11:58,"賴清德表示,世界局勢正在劇烈變化,台灣必須團結一致,將數位轉型及2050淨零轉型的挑戰化為進步的動力,他將推動7大主張,包含發展「五大信賴產業」、打造智慧科技島、建構「以人為本」智慧新社會、推動金融創新與發展、創新創業雨林生態系、發展護國群山、綠色成長新戰略,以此迎向新的國際經貿體系,善用自由民主國家同盟的身分、站穩全球供應鏈關鍵角色,推動創新驅動的經濟發展模式,打造人人擁有能力與公平機會追求自我實現的創新經濟與智慧國家。",L1-01,L2-07|L2-08
756,侯友宜,KMT,news,2023/6/3 21:32,"賴清德說,嘉市素有民主聖地之稱、豐富的阿里山林業文化及藝術文化,他擔任行政院長時,核定20億元加強阿里山小火車沿線安全,現任行政院長陳建仁日前宣示大阿里山地區將投入60億元建設計畫,在過去的基礎上擴大,可以帶來嘉市更多經濟發展。",L1-01,L2-06|L2-07
771,赖清德,DPP,news,2024/1/1 15:09,"吳欣盈表示,台灣產業發展不平衡,收入往高科技產業傾斜,服務業和傳統製造業生產力低、賺不到錢,年輕人不敢結婚生子,更沒錢買房,對未來沒希望,「藍綠都沒有責任嗎?」 吳欣盈說,服務業薪水不漲,就是ECFA(兩岸經濟合作架構協議)的服貿部分被綠營擋下,台灣青年就業市場受到限縮,兩岸ECFA和全球的「自由貿易協定」,都禁止勞工「跨越邊境移動」,入境工作的幹部,政府都有嚴格管制,不應該誤導民眾,有工作權就有投票權。",L1-01,L2-05|L2-06|L2-07|L2-08
807,柯文哲,TPP,social_media,2023/5/1 15:43,"「導引產業轉型」、改善國內經濟狀況,促使企業加薪同時有效降低工時,才是從根本解決勞工問題,我們要把正常的工作環境,還給每一位勞工。",L1-04,L2-07
809,侯友宜,KMT,news,2023/8/20 21:08,"全球正面臨環境永續課題,淨零排放早已是各國一致的共同目標,而其中綠色能源,就是許多國家發展的重要項目之一,而在眾多可替代化石燃料的技術中,「氫氣能源」被視為解決能源問題的關鍵方案,甚至未來可能可以直接取代鋰電池電動車,它的特別之處在哪裡,看您一起來看。",L1-01,
978,赖清德,DPP,news,2023/6/18 16:24,"當年從金門「叛逃」游向廈門,後面一路當到世界銀行副行長的林毅夫,日前在第十五屆海峽論壇廈門論壇上,再次對與會的台灣青年與媒體喊話,根據《中新社》報導轉述,林毅夫提到自己20多歲,從金門到廈門「回歸」大陸,見證40年來快速發展、與國際影響力大增的局勢,他呼籲更多領域的台灣青年和學子,應該與他一樣登陸發展,「抓住這千載難逢的大好機會,做出一番事業!」目前是北京大學博雅講席教授的林毅夫,在論壇中指出、中國現在是世界第一大貿易國,是世界上120多個國家和地區的第一大交易夥伴,目前是近代以來最好的發展時機,身為過去40年發展的親身經歷與過來人,他喊話更多台灣青年學子們,把握機會前往大陸,能夠完成理想、創造自己的一番事業,「同時還能自豪地對外表示,自己曾對民族復興的偉業,有一份貢獻。」 前世界銀行副行長林毅夫。",L1-01,L2-06|L2-07
987,侯友宜,KMT,social_media,2023/11/2 22:17,"這邊民間最努力的是經濟民主聯合,是當年反服貿成立的團體,也是最符合反服貿精神的團體(與中國的經濟協議),結果318之後,大家跑去追的政治明星現在對經濟戰的態度是長成什麼樣子,XXX。",L1-07,L2-04|L2-05
1190,柯文哲,TPP,news,2023/8/27 16:47,"另外,與會的全國不動產產業後援會總召集人張世芳說,不動產業是賴清德最大的後盾和靠山,總統蔡英文執政期間推動居住正義,現在即將開花結果,絕不能前功盡棄,「以前說無殼蝸牛,現在每個人幾乎都有殼」;",L1-04,L2-07
1192,柯文哲,TPP,news,2024/1/9 11:16,"蕭美琴說,台灣經濟實力要壯大,接軌國際是必要的,以她過去經驗與歷練,以及在華府建立深厚夥伴關係,將協助賴清德壯大台灣實力、結交更多的國際友人。",L1-01,L2-01|L2-03|L2-07
1210,柯文哲,TPP,news,2023/7/6 21:56,"他認為,台灣轉型創新驅動的成長模式,成長過程也要注意社會公益,弱勢的救助,畢竟面對氣候變遷或數位轉型,大公司大企業有能力跟得上,小公司就比較困難,但追求成長的過程政府要支持大型企業也要關注中小微型企業,讓社會有包容性。",L1-05,L2-07
40,侯友宜,KMT,news,2023/7/9 21:29,"郭辦指出,過去所有的公開消息都顯示,郭台銘只以實踐和平、繁榮、清廉為念,參與國民黨徵召也只考慮總統候選人身分,未曾有其他想法,還請黃健庭謹慎釐清自身記憶。",L1-02,L2-01
363,赖清德,DPP,news,2023/11/29 15:24,"吳崢表示,張智倫長期以來在地方活動自我介紹時,皆稱自己爸爸是前立委張慶忠、媽媽是議員陳錦錠,甚至在本次競選文宣更印上「智倫當選,全家服務」,卻不准社會檢視其家族的爭議,雙重標準令人不解。",L1-02,
365,柯文哲,TPP,news,2023/5/9 16:07,"楊家俍說,他擔心因為個人的瑕疵會影響黨的改革腳步,甚至造成2024大選中不必要的爭議,最後決定在黨正式提名前夕主動向民進黨提出放棄提名資格的申請,「今天選擇坦然為曾經犯過的錯付出代價。令大家失望,也帶來困擾,向民進黨和支持我的朋友深深致歉。」 他強調,無論民進黨提名什麼人取代他參選,都會竭盡全力輔選。",L1-02,
425,柯文哲,TPP,news,2023/10/31 11:44,"王興煥指出,蔣介石及其兒子蔣經國是威權、屠夫,兩蔣屠殺台灣人,也是中國來到台灣的殖民者,所以「尊蔣」不管是老蔣或小講,就是讚揚屠殺、尊崇殖民、破壞民主憲政精神,也傷害台灣的主體意識,這是轉型正義一定要處理的,尤其是在台北市中心的中正紀念堂。",L1-05,L2-02|L2-04|L2-08
429,赖清德,DPP,news,2023/12/24 19:55,"賴清德接續提及民眾黨總統候選人柯文哲表示,柯文哲喊「居住正義」、提「永續農業發展」等政見,但柯文哲從15年前就開始挖掉農地、回填廢土、鋪上水泥、操作土地重劃,企圖藉由炒作農地獲取暴利。",L1-02,
450,Unknown,Unknown,conference,,"今天我们要讲医疗参照劳保健康是基本人权,它是一个普世价值,也不会因为不同的信仰、宗教、政治、经济、社会而有所不同。",L1-05,L2-08
658,柯文哲,TPP,news,2023/4/17 14:00,"賴惠員接受媒體聯訪表示,郭貞慧與丈夫李退之兩人明明和光電業者關係匪淺,李退之又是大型光電業者的獨立董事,但卻惡人先告狀,以不實影像、文字率先抹黑賴惠員,意圖用烏賊戰亂噴墨汁,把自己和光電廠商密不可分的關係,全部推給賴惠員。",L1-07,
695,赖清德,DPP,news,2023/10/28 21:43,"柯志恩說,民進黨有人背著妻兒,帶著小三在外面遊玩,侯友宜則要避免想到妻兒,因為他帶著基層警察出生入死,兩個男人面對妻兒都很愧疚,但狀況卻不一樣,這就是人格、高度,總統要選品格不貪污、不會歪哥的。",L1-02,
705,侯友宜,KMT,news,2023/12/26 15:11,"侯友宜表示,民進黨眼睜睜看詐騙集團一直騙到現在,民怨沸騰,最痛心的是有民進黨立委竟長期接受imB詐團贊助,賴清德發言人更說這是「小東西」,難道民眾被騙錢到想結束生命叫做小事嗎;",L1-02,L2-07
723,柯文哲,TPP,news,2024/1/5 12:05,"侯友宜質疑,賴清德應說清楚到底是要保護加害者還是還被害者公道,包括總統蔡英文與民進黨副總統候選人蕭美琴都支持廢死,賴清德不但不說清楚,反而說是中國介選,是不是在被害者傷口上灑鹽,這樣說真的沒血沒淚,賴清德不應轉頭就走,蔑視人民聲音。",L1-02,L2-06
740,赖清德,DPP,news,2023/12/20 14:12,"只不過柯文哲是要參選總統的人,是不是應該先將農地還給農民。",L1-02,L2-06
1181,柯文哲,TPP,news,2023/10/21 11:30,"他呼籲柯文哲,誠實是上策,特別是在競選期間,候選人講的話會影響國人,國際社會也在看。",L1-02,L2-06
1193,柯文哲,TPP,news,2024/1/11 13:20,"媒體問及民眾黨總統候選人動保政見中提及要對原住民教育宣導遭質疑,賴清德說,柯文哲的言論很多,耳熟能詳是仇視女性與弱勢,對原住民文化也不夠尊重,這表示柯文哲沒有領導國家的高度。",L1-02,L2-06|L2-08
1201,柯文哲,TPP,news,2023/12/5 18:33,"尤其他當立委時提出兩岸關係條例、兩岸關係法與消費者保護法等,都是基於對國家與社會的愛,「我仇恨誰呢」,批評身為執政黨的民進黨也是基於對國家的愛,蕭美琴對仇恨的定義大錯特錯。",L1-07,L2-01
1290,赖清德,DPP,news,2023/12/16 20:04,"陳世凱批評,馬英九所引起的馬王政爭,更是讓人歷歷在目,貪污、濫權根本就是國民黨的體質,可見國民黨拚經濟不行,貪污抹黑卻很行。",L1-07,L2-04
1292,赖清德,DPP,news,2023/12/4 11:29,"王鴻薇進一步表示,力麗集團創辦人郭全木生長子郭銓慶,過去更是有貪污治罪條例、洗錢等判刑確定,潘孟安跟這些建商、綠能廠商以及貪污罪犯集團混在一起,住在他們提供的千萬豪宅,大方出入毫不避嫌,也是地方住戶看不下去才提供照片等資料。",L1-02,
1296,赖清德,DPP,news,2024/1/11 13:41,"賴清德表示,徐耀昌也對國民黨在苗栗提名的2名立委候選人邱鎮軍、陳超明不以為然,因為邱鎮軍與毒品案關係密切,陳超明貪污案遭判刑,非苗栗縣民的選擇。",L1-02,
1298,柯文哲,TPP,news,2023/11/6 22:42,"有中山大學學生問柯文哲,柯文哲不斷強調白色力量、從政不需貪污和複雜的政商關係,但卻不避諱與貪污、黑金、境外勢力掛勾,「請問柯主席的新政治與你口中令人厭惡的政治環境有何區別?」 柯文哲說,去年選舉時自己與苗栗縣長鍾東錦的事有讓自己稍微想一下、頓一下;",L1-02,
1299,柯文哲,TPP,news,2023/6/24 17:51,"透過 Google News 針對藍白合議題,柯文哲今天接受YouTube頻道「筱君 台灣plus」專訪時說,並非沒有意願,而是非常困難且不容易獲得民眾支持,民眾黨與國民黨有文化差異,民眾黨是講究正直誠信、乾淨認真的新政治,「國民黨就很假,他們叫吳伯雄叫伯公,我聽到都要起雞皮疙瘩」,看不出兩黨有什麼地方相同。",L1-07,L2-01
1300,柯文哲,TPP,news,2023/12/28 13:13,"林楚茵指出,黃國昌對王義川的辯論、柯文哲的農地爭議,以及使用核能等眾多問題,始終避而不答,只是用煽動語言,持續撕裂社會,讓人遺憾,民進黨呼籲黃國昌,好好面對柯文哲的農地違法使用、高虹安、前立委徐永明的貪污,咆哮不能解決問題。",L1-02,
9,侯友宜,KMT,news,2023/8/20 5:30,"我國防部嚴正指出,中共此次藉故發動軍事演習,不僅無助台海和平穩定,更凸顯其窮兵黷武心態,坐實軍事擴張霸道本質。",L1-03,L2-01|L2-05
11,侯友宜,KMT,news,2023/8/7 23:12,"對於藍營操作「票投民進黨、青年上戰場」,賴清德認為,這是配合中國的文宣,但禁不起檢驗,因為民進黨還沒執政前,兩岸就發生過戰爭,包括八二三砲戰、古寧頭戰役等,中國要併吞台灣不是最近的事、不是民進黨執政之後的事。",L1-03,L2-04|L2-05
14,侯友宜,KMT,news,2023/8/2 19:01,"侯友宜談訪日感受:日本政要憂慮台海危機 2023/8/2 19:01 (8/2 19:18 更新) (中央社記者王承中台北2日電)國民黨總統參選人侯友宜今天結束訪日行程返台,他表示,訪日見到的日本政要、意見領袖,包括前首相麻生太郎,都在關心台海局勢,充分展現日方對台海危機的憂慮,而他也充分表達「我要用我的生命顧台灣,至死不渝」。",L1-03,L2-01|L2-05
21,侯友宜,KMT,news,2023/4/15 18:26,"賴清德強調,台灣民主自由仰賴前輩們艱辛奮鬥及現在台灣人共同守護,民主是台灣對國際社會貢獻,也是國際友邦最大投資,2024大選很重要,關係整個印太地區安全及全球和平,面對中共侵台野心未減,台灣國防也必須相對因應更加堅實防備,他將會用「民主團結」、「民主治理」、「民主和平」三大行動,持續壯大民主台灣,讓世界看見台灣的價值,擁抱台灣。",L1-03,L2-01|L2-05|L2-07|L2-08
31,侯友宜,KMT,social_media,2023/11/2 22:17,"沒有敵我意識,反制統戰也不會有效果;",L1-03,L2-02|L2-05
32,侯友宜,KMT,social_media,2023/11/2 22:17,"一方面跟統戰不設防有關,因為從1949年開始,中國在台灣放謠言不是書面而已,而是在地方上到處透過代理人放謠言,後來才慢慢開始變成買報紙、買媒體、買地下電台,到現在的買粉專、經營中國社群平台,並搭配駭客攻擊。",L1-03,L2-04|L2-05
35,侯友宜,KMT,social_media,2023/11/2 22:17,"2. #網路攻擊:中國駭客的能力非常強,高於世界平均,而資安不是只有政府要做,是全民都要做。",L1-03,L2-05|L2-07
36,侯友宜,KMT,social_media,2023/11/2 22:17,"5. #經濟戰:對於中資的審查仍然嚴重不足,中國繞道投資太多,更不要說地方經濟與中國的依賴經濟。",L1-03,L2-05
44,侯友宜,KMT,news,2023/12/12 21:39,"總統蔡英文多次提出主張,現在國際社會最支持的就是維持現狀,維持現狀已成為國際最大公約數,現狀未必是大家最滿意狀況,也不是對岸滿意的狀態,對岸滿意的狀態是把台灣變成香港,但那是大家不能接受的狀態。",L1-03,L2-03|L2-05
45,侯友宜,KMT,news,2023/9/2 13:37,"國民黨團今日舉行「一人公司進口8814萬顆蛋!誰在發國難財?」記者會,黨團總召曾銘宗、黨團首席副書記長李德維、立委林為洲出席。",L1-07,L2-01
230,侯友宜,KMT,news,2023/3/24 17:13,"裴洛西造訪後的中共軍演,更是讓台灣攻佔國際媒體版面,全球都擔心台灣成為第三次世界大戰的導火線,「有趣的是,外國專家甚至說緊張到失眠,但在軍演當下,站在第一線馬祖民眾其實正歡樂舉行比基尼泡泡派對」,英國記者就為此下了一則標題「台灣民眾用Party而非Panic應對中國文攻武嚇(party rather than panic)」,批評台灣人「鴕鳥心態」、「把頭埋進沙子裡」。",L1-03,L2-05
234,侯友宜,KMT,news,2024/1/10 16:52,"馬英九:我去年早些時候訪問大陸時,我告訴他們的官員,我當然理解,習近平和中國共產黨希望看到台灣兩岸統一,但我說,統一問題必須先以和平方式進行,其次是以民主方式進行,如果不行的話,台灣人不會接受,他們要想清楚。",L1-03,L2-01|L2-05|L2-08
235,柯文哲,TPP,news,2023/8/3 14:55,"接連發生爆炸情況,也引發民眾討論,國民黨立委賴士葆受訪表示,國防部在彈藥管理方面出了很大問題,他也提到美國先前釋出研擬與台灣協商設立「區域緊急庫存」,被稱為打造台灣成「軍火庫」一事說,「你要堆一大堆彈藥在這裡,三不五時爆炸,人民怎麼受的了?」國家中山科學研究院九鵬院區俗稱「九鵬基地」,是我國防科技研發機構,屬於國家中山科學研究院下屬之武器研發與測試機構,國防部向承包商新購的火炮、飛彈都會在此進行射擊測試及演訓,也是我國軍方三大神秘單位之一,其高度軍事機密的飛彈射擊演訓,也讓它被軍迷稱為台灣版的「神秘51區」。",L1-06,L2-05
236,柯文哲,TPP,news,2023/11/14 10:51,"億萬富翁馬斯克(Elon Musk)曾稱台灣是中國一部分,遭轟缺乏對歷史基本認識,近日他又就台灣問題發聲,表示中國已非常明確表示要統一台灣,要嘛用和平手段,要嘛用軍事手段,「統一100%會發生」,稱台灣至今尚未回歸的唯一原因在於美國阻撓。",L1-03,L2-05
252,赖清德,DPP,news,2023/2/3 10:17,"國際局勢部分,他認為,俄烏戰爭陷入膠著,北韓頻密在周邊區域發射飛彈,國際強權持續在中東角力,整體情呈現動盪態勢國際局勢及兩岸情勢瞬息萬變,鑑於我國面臨的國家安全威脅與挑戰將有增無減,國安局將依法統合、指導、協調國安團隊,與時俱進調整工作部署與方法,先期掌握各類安全威脅及影響國家安全的戰略預警情訊,及時提供權責機關參考,協助政府決策。",L1-03,L2-01|L2-05
255,赖清德,DPP,news,2023/7/16 10:53,"卓榮泰演講時以「實實在在、道道地地的和平捍衛者」稱呼賴清德,指賴清德因堅持和平而主張強化自主國防能力,目的是捍衛台灣人民的生活方式、社會制度、民主果實,「我們在提高自己的免疫力,中國你在擔什麼心啊?」 卓榮泰會後受訪時說,僑胞都忙於事業,今天活動能聚集這麼多人,他深受感動。",L1-03,L2-01|L2-05|L2-08
269,柯文哲,TPP,news,2023/8/23 12:59,"柯文哲說,他主張降低兩岸惡意螺旋,增加交流對話,優先處理民生議題,應該務實規畫國軍訓練,打造專業能戰的軍隊,「我們的立場堅定」,但也保有彈性,這才是憲法和平的途徑,今天在陣亡將士靈前,感謝當年戰士熱血奮戰,保障台灣自由民主家園,國家要照顧八二三將士與遺族,也必須正視戰爭危險與和平代價。",L1-03,L2-01|L2-04|L2-05|L2-08
276,柯文哲,TPP,news,2023/5/3 18:26,"陸委會指出,中共企圖藉著延伸內部法律之域外效力或透過長臂管轄,妄想迫使台灣人民進行自我審查,並製造寒蟬效應,台灣人民不會接受,更不受中共恐嚇,我方堅持捍衛台灣的自由、民主與人權。",L1-03,L2-01|L2-05|L2-08
288,侯友宜,KMT,social_media,2023/11/2 22:17,"4. #外交戰:台灣的邦交國不斷被策反,能做的就是用非官方方式交盟友,並用一定的法律框架反擊,這牽涉到最後一個法律戰。",L1-03,L2-05
23,侯友宜,KMT,news,2023/5/8 16:31,"為了表彰桃園機場第一線主要執行單位在疫情期間守護國門的努力,桃園國際機場公司總經理范孝倫(中)今(8)日頒贈防疫勳章給機場內10個防疫有功單位代表。",L1-04,L2-06
41,侯友宜,KMT,news,2023/10/21 11:35,"他感謝陳玉坤的勉勵,希望未來能讓台灣不僅安全,也要有尊嚴,未來會協助包含台北市在內的各縣市政府,讓台灣每個城市都能均衡發展,處處安居、人人樂業。",L1-04,L2-07
290,赖清德,DPP,news,2023/8/10 0:33,"鄭文燦也說,大溪是文化的故鄉,大溪有許多台灣味的地方,當市長這8年來大溪老城區獲得中央支持,讓大溪老街變得不一樣,走進大溪老街就是走進歷史,大溪也是神的故鄉,關聖帝君生日眾神都來祝福,30多個社頭從1914年至今100多年遶境沒中斷,要給大溪傳統鼓勵,這是大溪的第2個過年,是生活的一部分,今天祝壽典禮希望眾神保佑,希望台灣經濟、民主、和平都能獲得保障。",L1-04,L2-01|L2-06|L2-07
318,柯文哲,TPP,news,2023/4/28 21:23,"教育局副局長吳國珉表示,每年持續舉辦兒童權利公約宣導,透過研習及教材研發,積極提升教師知能,並舉辦親子講座,提高家長對兒童權利的認識,同時緊密聯繫社會安全網合作機制保護兒童,藉由「國際不打小孩日」宣導,鼓勵大家用愛與擁抱,養育孩子從停止體罰做起。",L1-04,L2-07
424,侯友宜,KMT,news,2023/12/8 15:38,"與會委員也認為,中國歷經文化大革命,宗教信仰傳承出現斷層,由於台灣宗教文化及相關儀軌保存完整,我在宗教信仰自由層次是有絕對優勢,兩岸宗教交流應多導向宗教信仰層面,善加運用台灣宗教軟實力與優勢,傳遞我宗教信仰自由與多元價值,讓兩岸宗教交流發揮其應有的效益。",L1-04,L2-02|L2-06
434,柯文哲,TPP,news,2023/10/25 15:00,"對此,柯文哲提出3大政見,第一是推廣「壯世代文化運動」,政府應先帶頭正名,去除老人的負面標籤,成立「第三人生大學」,讓退場大學養生村化,讓壯世代積極追求人生,且追求長者數位正義轉型,弭平世代間數位落差。",L1-04,L2-07
454,赖清德,DPP,news,2023/9/23 14:27,"例如明新科大走進新竹縣新豐鄉,與在地瑞興社區及偏鄉瑞興小學合作,鼓勵青銀代間學習互動,南臺科大也和企業志工,攜手走入社區巷弄長照站據點,持續宣導失智症識能教育,有參與活動的同學說「原來長輩生活這麼大不易」、「送餐給阿公阿嬤還能聽他們的故事,很溫暖也很有收穫」、「不一定要賺大錢,行有餘力助人也能展現自己的價值」。",L1-04,L2-07
455,赖清德,DPP,news,2023/9/19 16:27,"此次寫真月曆由公益代言人及4位英雄人物為主題,將刑警捍衛人民安全與社會正義、打擊犯罪的模樣呈現給社會大眾,這次公益寫真月曆曆義賣所得,將全數捐給天主教善牧社會福利基金會,藉此感謝基金會關心受暴婦幼、棄虐兒等弱勢族群。",L1-04,
480,侯友宜,KMT,news,2023/12/28 13:11,"第三,在校園安全檢查部分,教育部應立刻檢討現行規範與實務上的落差,挹注更多資源在校園輔導、親職及家庭教育的不足,提升人力、經費,提供孩子成長過程更細緻的同理與關懷,健全孩子身心發展及家庭功能。",L1-04,L2-07
483,侯友宜,KMT,news,2023/12/30 16:54,"侯友宜指出,賴清德說房價正在降,但民進黨執政8年,房價飆漲,有學生說領不到租屋補貼,賴清德卻要學生向房東說,請問這有同理心嗎。",L1-04,L2-06
495,柯文哲,TPP,social_media,2023/5/1 15:43,"辛苦的勞工朋友們,今天請好好放鬆,享受這個屬於你們的節日!",L1-04,
514,侯友宜,KMT,news,2023/5/1 18:25,"侯友宜表示,安全是他最重視的施政項目之一,工安與治安一樣都要從源頭管理,新北市有204萬名勞工,在不同工作崗位上認真努力,共同創造城市的繁榮進步,每位勞工背後都代表一個家庭,政府機關應該以身作則,成為推動工安文化的領頭羊。",L1-04,L2-07
683,赖清德,DPP,news,2023/7/4 11:36,"林志嘉指出,去年僅13萬多名新生兒,「數字少得嚇人」,而死亡率又高於日、韓,問題如此嚴重,卻無人負責,至今仍找不到主責單位,他痛批「政府怎麼可以回這種文?」 有醫界專家指出,台灣長年以來生育率居全球最低,女性生育年齡不斷上升,連帶影響新生兒死亡率;",L1-04,L2-05|L2-06
708,侯友宜,KMT,news,2023/12/5 23:04,"吳東進表示,凡是能為健保永續、為醫界人員爭取待遇及為年輕世代講話的候選人,都應該支持;",L1-04,L2-07
762,侯友宜,KMT,news,2023/11/1 12:57,"秘書處長指出,新北市政大樓2003年落成,20年後在市民廣場建置全台第一處性平基地和兒童性教育場館,是新北市政府重視平等和人權的里程碑,也是市長侯友宜對聯合國永續發展目標(SDGs)性平政策的具體實踐。",L1-06,L2-03|L2-06
1207,柯文哲,TPP,news,2023/2/18 22:32,"(記者翁聿煌攝) 2023/02/18 22:32 〔記者翁聿煌/新北報導〕新北市社會局為協助受暴婦女培養就業專長,補助勵馨基金會成立公益咖啡館、「好好時光」咖啡館,社會局長張錦麗表示,台灣每年有超過10萬件家庭暴力通報,受暴婦女平均要花上7年時間才能下定決心離開暴力環境,究其原因主要是卡在孩子照顧、經濟能力和居住等3大問題,",L1-04,
1271,赖清德,DPP,news,2023/11/29 18:48,"吳惠玲也指出,傳統產業勞動條件較有努力空間,因此個人特別關注勞退雇主提撥議題,過去賴清德推動軍公教加薪、帶動國公營事業加薪3%,未來也期待青年世代能同樣獲得更完善的薪資調整與權益保障。",L1-04,L2-06|L2-07
1280,侯友宜,KMT,news,2023/7/31 15:07,"侯友宜說,媽祖是僑胞與台灣最深的信仰連結,保祐海外打拚的人們,在詹德薰及眾僑胞努力下,建立了東京媽祖廟,讓遊子的思鄉情凝聚彼此,他也感謝僑胞們對於日本經濟與台灣外交做出的貢獻,媽祖廟代表凝聚所有華人的力量,大家一起相互鼓勵、永續發展。",L1-04,L2-01|L2-07
1322,侯友宜,KMT,news,2023/12/28 13:11,"侯友宜說,第二,面對校園暴力與霸凌現象高度關聯,政府應參考日本訂定「防止校園霸凌對策推進法」的精神,包括加強道德教育、早日發現校園霸凌行為措施、注意利用網路的校園霸凌行為、對受霸凌兒少和監護人提供援助、對霸凌者進行懲戒及輔導,如果認為校園霸凌行為可作犯罪行為對待,應與當地警方開展合作。",L1-04,
243,侯友宜,KMT,news,2023/3/5 15:38,"達賴喇嘛西藏宗教基金會董事長格桑堅參強調,1951年西藏與中國簽署和平協議,僅8年時間中共就撕毀協議內容,對西藏政治、經濟制度進行改革,1959年藏人在西藏首都拉薩抗議中共統治的殘酷暴政,中共以武力鎮壓西藏,已經過了64年了,當年西藏合法政府流亡印度,那一天也是藏人失去自由的國恥日。",L1-03,L2-04|L2-05
245,赖清德,DPP,news,2023/6/2 21:50,"對此,民進黨立委范雲今(2)日呼籲,民進黨必須徹底檢討,痛下決心改革縱容性騷擾的組織文化,事件凸顯黨內性騷擾申訴機制已經失靈,必須打掉重練,重新建立一套得以接住每一位受害者的制度。",L1-05,L2-07
278,侯友宜,KMT,news,2024/1/8 12:19,"(記者董冠怡攝) 2024/01/08 12:19 相關新聞:塭仔圳合法房屋自救會批容積率太低 新北城鄉局3點聲明回應 〔記者董冠怡/新北報導〕新莊泰山合法房屋自救會今天召開記者會,控訴請假選總統的新北市長侯友宜稱「塭仔圳沒人抗爭」,令人聽不下去,批評「侯市長家蓋大樓,新莊透天變廁所」、要求「還新莊居住正義,容積(300%)比照侯友宜」,並提出7點訴求,恢復合法房屋原有建蔽率及容積率、計畫執行過程應知會民眾或其合法房屋代表,",L1-05,L2-07
285,侯友宜,KMT,news,2023/3/15 14:19,"(圖/《不演了新聞台》youtube頻道) 不是要攻擊台北市長蔣萬安,但作為沒有背景的人,「在黨內真的很痛苦」,指當初羅淑蕾和蔣萬安在立委初選時,根本沒有黨員投票這些有的沒的制度,只能說「我爸不是蔣孝嚴」,哽咽地說「在這個政黨,沒有家世背景、沒有家人替你撐腰,怎麼努力還是沒有用」。",L1-05,
330,赖清德,DPP,news,2023/5/1 16:29,(圖/胡瑞麒攝) 2023年五一勞工大遊行4大訴求: 一、勞工要加薪、國假要恢復 二、青年要希望、老年要尊嚴 三、非典要保障、醫護要勞權 四、工會要有力、3權要完整,L1-04,L2-07
331,侯友宜,KMT,news,2023/7/4 9:55,"時代力量前立委黃國昌16日將與館長陳之漢一起舉辦「公平正義救台灣」活動,號召民眾為司法改革、居住正義發聲,不料他近日他遭外界質疑,其名下擁有23筆土地與房產,居住正義根本是喊假的。",L1-02,
373,侯友宜,KMT,news,2023/10/28 13:55,"(記者方賓照攝) 2023/10/28 13:55 〔記者吳柏軒/台北報導〕第21屆台灣同志遊行今(28日)午後登場,主辦單位預估15.3萬人同上街,將在台北市政府前廣場「與多元同行」,鑒於今年多起國內多起歧視事件,盼遊行推動社會理解不同身分、群體的需求與困境,看見彼此串聯相挺的可能性,不再以身分來限制與對立不同的你我。",L1-05,L2-06|L2-07
448,侯友宜,KMT,news,2023/2/28 20:12,"代表受難者家屬致詞的王克紹說,父親王育霖擔任新竹檢察官時,主持正義嚴辦官商勾結,卻得罪了當年威權專制的國民政府,3月14日父親強被士兵押走,至此音訊全無,後來聽聞受盡苦刑,至今不知死於何時何地,令人痛心!",L1-04,L2-04|L2-08
682,赖清德,DPP,news,2023/3/30 16:50,"王育德1974年針對台籍日本兵問題,推動組織「台灣人原日本兵補償問題思考會」,多次舉辦宣揚活動及控告日本政府,於1985年因心肌梗塞去世,他直到過世前一天,仍為訴訟奔命,讓飽受身分認同的台籍日本兵問題重獲重視。",L1-05,L2-04
712,侯友宜,KMT,news,2023/7/16 17:46,"活動現場不斷高喊「落實居住正義、喚回司法公正」口號,出席活動者也紛紛簽下承諾意願書。",L1-05,L2-07|L2-08
767,柯文哲,TPP,news,2023/10/14 9:46,"新北市議會第一審查會昨天專案報告城市外交,期間,民進黨議員陳乃瑜嗆國民黨議員戴湘儀「你就是護航的花瓶」,讓戴湘儀自曝氣到手抖,轟民進黨主席、總統參選人賴清德上個月才說要挺女權,會提升女性的政策參與機會與勞動價值,讓每名女性自由、尊嚴追求夢想,「全國女性都不應該受到這樣的歧視」。",L1-02,L2-06|L2-08
1220,赖清德,DPP,news,2023/12/4 23:35,"蕭美琴指出,民進黨執政8年的經濟表現,在各種國際評比有亮眼成績,但不是每個人都能享受到經濟成長的果實,如何讓更多人受到照顧、資源更妥適分配,還有很多精進空間;",L1-05,L2-04|L2-06|L2-08
1301,侯友宜,KMT,news,2023/12/6 14:42,"朱立倫指出,很多年輕朋友最關心的是公平正義,民進黨執政近8年以來,社會太多不公不義,高房價、不公平、貪污腐化,憑什麼這些當官當權的能賺盡所有財富,讓年輕人看不到希望、看不到未來。",L1-05,L2-06|L2-07
1306,赖清德,DPP,news,2023/6/4 17:51,"今天是6月4日,賴清德指出,1989年中國大陸學生群聚在北京天安門,要求當時的中國政府要民主化、新聞自由、言論自由,也要求建立社會公平正義,解決貪污問題,但中國政府卻用鎮壓方式回應學生要求。",L1-05,L2-08
1355,赖清德,DPP,news,2024/1/5 12:05,"侯友宜今天說,清寒與弱勢學生繳不起私立大學學費,要疼惜這些辛苦的家庭,不能讓貧窮世襲,所以要讓他們從大學就可以全力以赴,與整個台灣、國際一起競爭。",L1-05,L2-07
1363,赖清德,DPP,news,2023/2/8 7:22,"(看完整報導) 聯合國人權理事會3名專家6日發表聯合聲明指出,約100萬名藏族孩童被迫離家在中國寄宿學校「強迫同化」,漸漸忘了怎麼說母語,聲明並說,中共當局如此作為,侵蝕了他們的身分認同,且違返國際人權準則。",L1-04,L2-08
1366,赖清德,DPP,news,2023/6/20 12:29,"賴副總統說,根據各項統計,也常發現經濟情況相對不好的學生會念私立學校,負擔是加重的,雖然他在行政院長任內針對弱勢提供相關幫助,但他認為還不足,希望能縮短公立與私立大學學雜費落差的問題,政府應該去解決。",L1-05,L2-07
1367,赖清德,DPP,news,2023/10/31 13:48,"民進黨立法院黨團幹事長劉世芳上午在輿情回應記者會表示,台灣農民從很久以前在經濟上便處於弱勢,農業部推出「三保一金」制度照顧農民,柯文哲所言非常不妥當,根本看不起經濟弱勢的農業族群、看不起農民。",L1-05,L2-05
1375,赖清德,DPP,news,2023/10/24 13:18,"賴清德說,基層弱勢民眾,不管是低收入戶、中低收入戶、邊緣戶等,生活相對困難,台灣總體經濟在進步,平均收入逐步提升,生活所需也逐漸提高,有必要與時俱進檢討貧窮線。",L1-05,L2-06|L2-07
1376,赖清德,DPP,news,2023/7/29 16:44,"賴清德引用前總統李登輝的「民之所欲,長在我心」指出,信賴民主目標在司法革新面,一是當民眾有需要時,法律服務必須長在,將法律服務視為人權的一種,無論民眾居住在都市或偏鄉、是否為經濟弱勢,都要提供民眾可近性、普及性、方便性的法律服務。",L1-05,L2-08
5,侯友宜,KMT,news,2023/11/23 18:00,"朱立倫指出,侯友宜作為國民黨提名的候選人,柯文哲主席是雙重角色,也代表民眾黨,「而我作為國民黨黨主席,陪同候選人參與今天會議,不但具有正當性、必要性,而且侯友宜不能一個人完整代表所有人」。",L1-06,
6,侯友宜,KMT,news,2023/12/30 15:17,"侯友宜強調,他反台獨、反一國兩制,堅守民主自由制度,台灣未來由2300萬人來決定。",L1-06,L2-01|L2-08
8,侯友宜,KMT,news,2023/12/30 15:03,"賴清德回應,蔡總統外交路線獲國際肯定,讓台灣贏得支持,也以民主自由人權為價值,與世界民主陣營站在一起,不依循國民黨老路。",L1-03,L2-01|L2-06|L2-08
20,侯友宜,KMT,news,2023/5/24 17:55,"柯文哲說,他在台北市長任內所用的3位副市長涵蓋國、民、親各黨,以及他與美國、中國的互動關係,選上總統有4大利多,能降低台海戰爭機率,台灣能成為中、美溝通橋梁,台灣內部會和諧,以及政府效能更好。",L1-03,L2-01|L2-03|L2-05|L2-07
26,侯友宜,KMT,news,2023/5/22 23:19,"國民黨具有與中國的溝通管道,並能維持良好關係的形象成為競選優勢,助馬英九在2008年總統選舉中勝選。",L1-03,
27,侯友宜,KMT,news,2023/7/5 20:15,"這一切的通關密語,就是侯友宜公開宣示的以「符合中華民國憲法的九二共識」,重啟兩岸關係的正常化,奠定兩岸和平的基石。",L1-03,L2-01
29,侯友宜,KMT,news,2023/11/4 17:28,"馬英九還說,這場選舉不只關係國民黨的勝敗,也關係中華民國的前途,民進黨執政7年來實在不像話,國防、外交、經濟全都在倒退,所以國民黨的任務很重要,一定要讓中華民國打勝仗。",L1-06,L2-01|L2-05|L2-07
39,侯友宜,KMT,news,2023/12/29 12:06,"賴營質疑新北容積率放寬量身打造 侯友宜:勿抹黑 2023/12/29 12:06 (12/29 21:41 更新) (中央社記者溫貴香、劉冠廷台北29日電)民進黨總統候選人賴清德競選總部今天表示,12月26日新北市政府公告放寬容積率,侯家持有的土地鄰近街道,經測量巷道寬約在6.55公尺,不偏不倚恰恰符合新北市新公布的容積獎勵條件,這到底是巧合,還是量身打造。",L1-02,
42,侯友宜,KMT,news,2023/8/9 15:52,"侯友宜今表示,未來在他擔任總統的第1個任期內,核一、核二、核三廠就會經高標準檢修後重新運轉,至於核四廠,將會讓國內外的能源專家共同參與,並成立核四安全審查委員會,就現有機組進行全面檢查,一定會在安全無虞的情況下重啟核四,同時未來核電能源不會只有重啟核四,只要經國際認可的小型核電廠(SMR),當然也可以加入供電。",L1-06,L2-01
43,侯友宜,KMT,news,2023/12/30 15:56,"柯文哲說,今天他跟賴清德、侯友宜站在這裡,是要競選中華民國總統,不是選美國州長,也不是中國的省長,因此中華民國憲法當然是現在大家遵守的,如果不認同,今天有何資格選總統,還是要認同中華民國憲法。",L1-06,L2-01|L2-02|L2-08
47,侯友宜,KMT,news,2023/5/18 11:40,"兩岸論述、黨內外整合 侯友宜選總統挑戰嚴峻 2024三腳督成形 賴清德侯友宜柯文哲520拚場 中國國民黨昨天徵召侯友宜選總統,民進黨團上午在議會舉行記者會,民進黨團總召集人鄭宇恩表示,侯友宜2018年辭副市長選市長,現在選總統也應辭職,不能接受侯友宜指派任何代理市長上台報告預算案及答詢。",L1-06,L2-01
242,赖清德,DPP,news,2023/12/9 22:25,"趙少康說,尤其是兩岸有同樣的文化、同樣的血緣,陸方很難向大陸民眾解釋,為何民主制度可以在台灣發展,卻不能夠適用於中國大陸,台灣的民主發展,一定會對中國大陸有所影響。",L1-06,L2-02|L2-06|L2-08
297,侯友宜,KMT,news,2023/12/20 20:14,"賴清德說,有主權才有國家,有台灣才有中華民國,不分族群先來後到,只要認同台灣,都是這塊土地的主人,他將永遠堅持自由民主的憲政體制,堅持中華民國與中華人民共和國互不隸屬,台灣的主權不容侵犯併吞,中華民國台灣的前途也只有2350萬台灣人民才有權利決定。",L1-03,L2-01|L2-05|L2-08
324,柯文哲,TPP,news,2023/6/19 5:58,"戴尼察強調,台灣人的身分認同並非由地緣政治衝突或地圖上的分界線所決定,而是由把這座島嶼視為家鄉的人民所決定,這是群儘管面臨著許多壓力及挑戰,仍為民主、公民權利及自由而奮鬥的人們。",L1-03,L2-08
329,Unknown,Unknown,conference,,"要有人权保障,一定要重视民主,自由的宪政体制。",L1-06,L2-08
479,赖清德,DPP,news,2023/3/21 9:30,"陳建仁也說,更重要的,也希望馬前總統把台灣自由、民主價值,以及對於促進全球和平這件事,在此行中,能夠維護我國利益和國民感情,才不會讓台灣人民失望;",L1-03,L2-01|L2-08
485,侯友宜,KMT,news,2023/8/7 23:12,"賴清德指出,現在講台獨就是指台灣社會的共識就是,台灣不屬於中華人民共和國的一部分,台灣這塊土地所有權是屬於台灣人民全體共有。",L1-03,L2-01|L2-02
630,柯文哲,TPP,news,2024/1/8 20:09,"(圖擷自YouTube) 2024/01/08 20:09 〔記者蔡思培/台北報導〕廢除死刑成台北市大安區立委議題,國民黨候選人羅智強近來猛攻社民黨候選人苗博雅曾主張廢死,今更與競選總幹事、受害者家屬王欣儀籌組反廢死正義大聯盟,呼籲所有候選人針對死刑表態。",L1-04,
642,柯文哲,TPP,news,2023/6/5 22:59,"透過 Google News 他說,李前總統在1990年舉行國是會議把主要政黨找來,決定解散萬年國會,台灣從此走向民主之路。",L1-06,L2-04|L2-08
643,柯文哲,TPP,news,2023/7/16 19:01,"柯文哲也向總統蔡英文喊話,「7年前你給台灣人民的承諾是什麼?」「清廉、勤政、愛鄉土」曾是民進黨主張,但現在還有人會把清廉勤政跟民進黨劃上等號嗎,希望民進黨要反省。",L1-02,L2-06
1168,赖清德,DPP,news,2024/1/2 9:56,"她說,人民看在眼裡,此次辯論可看出,民進黨的總統、副總統候選人並不認同中華民國、中華民國憲法,但卻要來競選中華民國總統、副總統,領中華民國國民的納稅錢,對中華民國、台灣人民來說不公平。",L1-03,L2-01|L2-04
286,柯文哲,TPP,news,2023/11/7 17:58,"2人同台後,過往隔空互嗆的歷史也被翻出,民進黨立委林俊憲不禁直呼:「這場選舉,真的什麼鬼畫面都出現了!」時代力量也酸,柯文哲和過去他最唾棄的「正毅」連線(指邱毅與蔡正元)聯手合作,「為了當選,柯文哲有什麼不能拿出來交換的?」邱毅5日幫柯文哲在高雄站台,大讚柯是可以改變台灣的人,支持柯進入總統府,但事實上,邱毅與同為國民黨前立委的蔡正元,2014年台北市長選戰當時曾多次公開怒批柯文哲,除了質疑柯違法私設帳戶收受紅包賄款、到中國仲介人體器官買賣,還嗆「柯文哲的網軍是我見過最卑劣垃圾的一群」。",L1-07,
412,赖清德,DPP,news,2023/10/10 12:13,"今(10)天是中華民國國慶日,來台發展的外籍藝人吳鳳、黃明志都搶先發文,台灣藝人可能會礙於兩岸立場不敢表態,不過仍有許多藝人準時發文慶賀,包含趙駿亞、郭昱晴、阿BEN夫妻、宋達民夫妻等人都有PO文慶祝,「反骨男孩」成員琳妲更是穿上國旗圖案比基尼,用實際行動表達愛國心意。",L1-07,L2-01||L2-06
461,赖清德,DPP,news,2023/7/17 20:16,"賴清德說,安倍不只是國際政治家,對日本政治與印太和平有貢獻,也是非常溫暖的人,安倍的溫暖每每令人感動不已,他在擔任台南市長時,2016年發生大地震,隔天安倍就派5個日本官員來到地震現場了解需求,要提供直接協助,那種貼心令他感動。",L1-04,L2-06
473,柯文哲,TPP,news,2024/1/13 21:20,"侯友宜表示,這次國民黨全黨上下一心、空前團結,很可惜沒有完成政黨輪替,他非常謝謝在朱立倫帶領下,各縣市長與立委鼎力協助,更感謝給他滿滿關心的支持者,「我真的辜負了大家」,他要再次深深一鞠躬。",L1-07,L2-07
477,侯友宜,KMT,news,2023/11/1 15:36,"朱立倫指出,他們抱持坦承的心態,希望盡快找出協商的方案,目前大家正在努力當中,這中間就是情緒少一點、誠意及耐心多一點,不耐的情緒、語言少一點,最重要是換位思考、同理心,國民黨有多少支持者是從等待、期待到不滿、憤怒的情況,甚至有更情緒化的發言,最後一定是往大局、往大我的方向努力,這是他們秉持的決心。",L1-06,L2-07
488,赖清德,DPP,news,2023/12/10 12:17,"民眾黨總統參選人柯文哲昨(9)日酸,民進黨總統參選人賴清德哭就是為了萬里老家違建,更稱「乾脆直接去他家違建前面辦個直播,會安排一下,讓他哭更大聲」。",L1-07,
496,赖清德,DPP,news,2023/12/31 17:44,"本站昨日曾報導《台灣史上最強辯論王是誰》,當時PTT鄉民幾乎一面倒大讚前總統陳水扁在2004年的總統大選辯論上,臨場反應極佳,直接殺爆對手,更稱他一人「獨佔SS級」,「戰神阿扁,沒有之一」。",L1-07,L2-04
531,侯友宜,KMT,news,2023/8/8 8:51,"副總統賴清德昨天晚間指出,外國訪賓十分讚嘆台灣直接面對中國威脅,還能堅守民主、生活有序,且全民響應政府防疫政策、全球罕見,甚至還幫助其他國家,台灣真的太了不起了。",L1-03,L2-05|L2-06|L2-08
565,侯友宜,KMT,news,2023/12/29 8:44,"楊志良說女性25至29歲是生育的最佳時機,但台灣25至29歲未嫁未娶占80%,30至34歲也有一半沒結婚,更引述國健署統計,稱「我們台灣女性超過30歲就沒用了!所以吳思瑤快50歲了,這輩子絕子絕孫啦!快50歲了,不可能生了!」 《TVBS》提醒您勇敢說不:◎尊重身體自主權,遇到性騷擾勇於制止、勇敢說不,請撥打113、110◎現代婦女基金會 性侵害防治服務專線02-7728-5098分機7◎婦女救援基金會 02-2555-8595◎勵馨基金會諮詢專線 02-8911-5595/性騷擾專線04-2223-9595 楊志良稱「家暴是因沒法修理蔡英文」又扯習近平 府方譴責:應向社會道歉 楊志良再引用蔡琴名曲 酸男記者「精蟲不行」、女性生殖能力低到要凍卵 北部、東北部濕涼 明日氣溫回升!",L1-07,
625,柯文哲,TPP,news,2023/11/24 16:06,"對此,《彭博》記者何貴森(Chris Horton)在X平台(前身為推特)貼出數張趙少康近30年前在1994年台北市長參選人辯論會上的言論,包括稱民進黨為「納粹法西斯」、稱李登輝率領的國民黨是「慈禧太后義和團」。",L1-07,L2-04
626,柯文哲,TPP,news,2024/1/11 23:07,"蔡總統表示,投票,不是為了仇恨誰,而是因為熱愛國家,希望國家不要再走回頭路;",L1-07,L2-06|L2-07
660,柯文哲,TPP,news,2023/11/23 23:36,"柯文哲致詞時則回嗆侯友宜說,唸簡訊是名嘴側翼在做的事;",L1-07,
702,侯友宜,KMT,news,2023/6/30 16:10,"國民黨立委王鴻薇表示,喧騰一個多月的新北幼兒園餵藥案,這兩天地檢署對汐止與板橋兩家幼兒園孩童進行毛髮檢測結果,均未驗出「巴比妥類」及「苯二氮平類」藥物,但質疑餵藥案在有心人士特定操作之下,造成全國家長恐慌,及全國6萬名教保員與幼兒園莫名的壓力,盼餵藥案結束後,能夠還給全國幼兒園一個寧靜的環境。",L1-07,L2-06
714,侯友宜,KMT,news,2023/12/19 10:39,"臉書(Facebook)一PO出,許多網友留言「好感動,老市長也來相挺」,也有網友細數過去政績「還有愛河整治、捷運、輕軌促使『老市、港區』轉型國際觀光場域」,喚起不少老高雄人的回憶。",L1-07,L2-04|L2-06|L2-07
737,柯文哲,TPP,news,2023/12/20 18:00,"駁豪宅指控 黨內人士:賴清德萬里老家權狀29.3坪 2023/12/20 18:00 (中央社記者溫貴香台北20日電)在野持續攻擊民進黨總統候選人賴清德萬里老家爭議,黨內人士今天表示,一棟權狀29.3坪的房子,有些惡意指控講成700坪,其實室內就是1個小客廳、1間小房間,再進去有1個6人圓桌,2樓是1個通鋪,後面鐵皮屋則是權狀內的遮雨棚。",L1-07,
745,赖清德,DPP,news,2024/1/8 12:55,"曾柏瑜說,趙少康把副總統政見發表會、辯論會當成造謠平台,目的就是造成民眾恐慌、對立。",L1-07,L2-05|L2-06
1172,柯文哲,TPP,news,2023/12/3 15:46,"黃秀芳說,對手陣營選舉只靠抹黑黃秀芳、中央政府,這些都是國民黨手法,但她相信「人在做,天在看」,她早、晚打拚往返彰化與立法院,內心想的都是為鄉親爭取更多建設及福利,未來會對教育文化、社會福利投入更多心力,爭取更多建設回報鄉親。",L1-07,L2-07
1189,赖清德,DPP,news,2024/1/12 5:30,"蕭美琴則強調,民進黨是最具有進步價值的團隊,儘管台灣歷史有太多苦難,在國際被無情打壓,但台灣人擁有永不放棄的精神,「志氣是恁甲阮號的名,阮是驕傲的台灣囡仔」,進步這條路要繼續走,要走對的路、選對的人。",L1-03,L2-04|L2-06|L2-07
1259,赖清德,DPP,news,2023/4/18 22:11,"副總統指出,氣候變遷不僅是環境保護議題,還影響企業發展、社會運作及人類生存,若全球不和衷共濟面對氣候變遷甚至氣候危機,缺少水資源的不會只有台灣。",L1-04,L2-05|L2-06
1323,侯友宜,KMT,news,2023/12/30 17:17,"專制無能、貪污腐敗已經讓民進黨從頭爛到尾,尤其剛剛柯主席的那一段話,我心有相同的感覺,我常常在說去菜市場問那些殺豬的關心他們的生活,你知道他跟我說什麼嗎?",L1-07,L2-06|L2-07
68,柯文哲,TPP,news,2023/8/7 23:12,"對於「務實的台獨工作者」意涵,賴清德指出,「務實」就是根據事實,事實上台灣不屬於中華人民共和國的一部分,中華民國和中華人民共和國互不隸屬。",L1-03,L2-01|L2-02
222,Unknown,Unknown,conference,,赖清德: 这是我们共同创造的属于台湾的时代一个更有文化自信更有国家尊严的时代一个摆脱依赖中国的经济一个不再屈服于中国压力的时代一个让政府扛起更多责任。,L1-04,L2-01|L2-02|L2-06|L2-07
229,柯文哲,TPP,news,2024/1/10 16:52,"當我們達成「九二共識」時,民進黨原本認為這並非絕對不可接受,但他們逐漸改變了政策,說「九二共識」是「一國兩制」,試圖將兩者合併,這真的不是一個很好的處理問題的方式。",L1-06,L2-04
244,赖清德,DPP,news,2023/9/2 18:01,"現在不一樣了,國際局勢有很大的變化,特別是中國習近平,改制度擔任第3屆國家主席,讓國際社會人士清醒,看清過去他們認為,只要讓中國經濟繁榮,中國共產主義就會變民主,這樣的推論結果證明是錯誤的。",L1-03,L2-02|L2-05|L2-08
248,赖清德,DPP,news,2023/12/8 21:33,"柯文哲說,台灣應與中國表明彼此同文同種、具備相同語言,但有不同政治制度與生活模式,不必因為與中國競爭,就丟棄中國文化,讀唐詩宋詞、論語孟子不是壞事,一個人仍需具備文化素養,並認為,美國國務卿布林肯(Antony Blinken)曾說,美中關係在「該競爭時競爭,能合作時合作,必須對抗時對抗」,也適用於兩岸關係。",L1-06,L2-02|L2-04
24,侯友宜,KMT,news,2023/5/18 5:30,"第三,台灣是國際社會的一員,是自由民主陣營重要夥伴,在全球產業分工、智慧科技發展中,更扮演重要角色。",L1-07,L2-01|L2-03|L2-08
30,侯友宜,KMT,social_media,2023/11/18 7:00,Very pleased to meet with Dr. Morris Chang in San Francisco to follow up on our meeting last year during APEC in Bangkok. We spoke about @POTUS and my agenda for the Indo-Pacific region and our relationship on the economy and technology.,L1-03,L2-01|L2-06
33,侯友宜,KMT,social_media,2023/5/22 21:08,global friends on the sidelines of #WHA76. Unjust exclusion can't stop us from proving that #TaiwanCanHelp.,L1-03,L2-03|L2-06
34,侯友宜,KMT,social_media,2023/5/25 11:02,"Our thanks to all principled friends speaking up for #Taiwan???? at #WHA76, among them #Paraguay????, #MarshallIslands????, #Haiti????, #Nauru????, #StVincentAndTheGrenadines????, #SaintLucia????, #Lithuania????, #Luxembourg????, #Germany???? &amp;",L1-03,L2-01|L2-03
250,赖清德,DPP,news,2023/9/4 8:48,"這次非洲各國國會議員及政要等各界友人對蔡總統二度出訪非洲的熱烈歡迎與支持,顯示我國的自由民主、開放的經濟制度,以及藉由踏實外交、互惠互助與非洲國家合作的「台灣模式」,受到非洲友人的認同與肯定。",L1-03,L2-01|L2-03|L2-06|L2-08
251,赖清德,DPP,news,2023/3/26 13:46,"曹興誠說,見證香港主權移交的彭定康在發言時強調「香港人將會治理香港」,江澤民也承諾香港依照《基本法》享有行政權、立法權、獨立司法權、最終審判權,香港居民同樣擁有各項權利和自由,之後將循序漸進發展出適合香港的民主制度。",L1-06,L2-04|L2-08
254,侯友宜,KMT,news,2023/7/31 8:23,"侯友宜指出,這次出訪,他將拜會日本國會議員,向日本政界、僑胞和日本民眾問好,讓日本能夠更了解中華民國為維護區域和平穩定,以及堅定台灣民主自由制度的決心,這是他這次出訪最重要的目的,一起為中華民國、一起為台灣加油。",L1-03,L2-01|L2-03|L2-07|L2-08
263,赖清德,DPP,news,2023/6/29 19:43,"制度化的協商本來就存在,只是中國這幾年一些躲在「一個中國原則」、「一國兩制」、「九二共識」後面,迴避兩岸應該制度化的協商,一直迴避不是好辦法。",L1-06,L2-01|L2-02|L2-05
264,赖清德,DPP,news,2023/7/19 17:14,"姚立明也援引現行憲法第2條、第3條,來詮釋中華民國和中華人民共和國是互不隸屬,來捍衛中華民國跟中華人民共和國互不相隸屬的現實狀況,並特別強調「協商式民主」,就是透過協商、尋求共識,要鞏固及提升執政的正當性,就要盡力讓更多人民參與決策,同時讓人民的意志與選舉結果,符合憲法直接及平等原則。",L1-03,L2-01|L2-03|L2-08
268,侯友宜,KMT,news,2023/12/30 15:56,"柯文哲指出,中華民國憲法跟兩岸人民關係條例,是目前規範台灣跟大陸互動的基本大法,他還是遵守法令,如果法沒修改之前要遵守法令,畢竟要讓台灣成法治國家。",L1-06,L2-01|L2-03
270,赖清德,DPP,news,2024/1/1 15:59,"蕭強調,除依照中華民國憲法和兩岸人民關係條例之外,他們主張在現行國際戰略下維持現狀,這是台灣8成以上民意的共識,主張維護台海現狀,守護民主、自由、和平。",L1-04,L2-01|L2-03|L2-08
292,侯友宜,KMT,news,2023/5/18 5:30,"賴清德表示,國際社會對台灣的一致看法是可以信賴的夥伴、充滿活力的民主,這是台灣的品牌價值,既為台灣帶來經濟繁榮,也為台灣帶來民主保障,這場選舉的結果將告訴全世界,這個品牌價值是否繼續維持提升,這個民主社會是否依舊活力滿滿、不怕困難,這塊土地上的人民始終保持善良、堅韌、樂觀、積極。",L1-04,L2-01|L2-03|L2-06|L2-08
299,赖清德,DPP,news,2023/7/16 20:14,"米歇爾說:「真正的進展取決於在不久將來必須採取的下一步措施。而首先要做的,是得停止粗暴且令人刺耳的言論,以便為和平與正常化談判提供適切的環境。」 他告訴記者說:「當地民眾當下需要獲得保證,而最重要的是他們的權利及安全。」 他表示,歐盟也鼓勵亞塞拜然直接與納卡區的亞美尼亞裔對話,以建立互信。",L1-03,
301,赖清德,DPP,news,2023/2/11 7:43,"陸委會表示,政府歡迎中生來台就學與交流的立場從未改變,有關恢復中生來臺就學相關事宜,倘有需兩岸主管機關相互配合之處,本會與教育部隨時都可循兩岸間既有的業務協調聯繫平台進行溝通,呼籲中方應正視中國青年來台就學權益,儘快恢復中生來台就學,我方亦會持續營造中生來台就學與生活友善環境。",L1-04,L2-01|L2-02